position,company,company_location
Data Analyst,Amsterdam,Amsterdam
Data analyst,Thuiswerken in Postcode 1066 in Amsterdam,Postcode 1082 in Amsterdam
Data Analyst,Amsterdam,Thuiswerken in Amsterdam
Junior Data Analyst,Postcode 1066 in Amsterdam,Amsterdam
Data Analyst D365,Postcode 1012 in Amsterdam Centrum,Amsterdam
Data Analyst,Amsterdam,Amsterdam
Data Analyst,Thuiswerken in Amsterdam,Thuiswerken in Postcode 1066 in Amsterdam
Financial Data Analyst - English,Amsterdam+5 plaatsen,Amsterdam
Data and Business Analyst,Postcode 1013 in Amsterdam,Postcode 1012 in Amsterdam Centrum
Data Analyst Intern,Postcode 1054 in Amsterdam West,Postcode 1066 in Amsterdam
Web/Data Analyst,Amsterdam,Thuiswerken in Amsterdam
Data Analyst,Postcode 1013 in Amsterdam,Amsterdam+5 plaatsen
Junior Data Analyst,Amsterdam,Postcode 1013 in Amsterdam
Junior Forensics Data Analyst,Amsterdam+4 plaatsen,Amsterdam
Senior Data Analyst,Amsterdam,Postcode 1054 in Amsterdam West
